,Affinity for Quilts,Country Loft Quilt & Design,Millie P's Quilt Shop,Quilt Cove,Quilter's Haven,Twin Cities Quilting,Country Caboose Quilts,Gone to Pieces Quilt Shop,Gruber's Quilt Shop,The Noble Quilter,Quarry Quilts & Yarns,Quilted Treasures,47 Degrees North Quilt Shop,Hannah Johnson Fabrics,Hingeley Road Quilt Shop,Quilt Corner,Quilted Dog Quilt Shop,Anderson Fabrics Quilt Shop,Oklee Quilting Supply,"Quilter's Jem, LLC",Sadie Rae's Quilt Shop,Up North Quilt Shop,Colorz Quilt Shop,Front Porch Quilt Shop,Hometown Crafts & Fabrics,Mother Originals Quilt Shop,Quilter's Cottage,Dawn's Quilt Shop,DeAnn's Country Village Shoppe,Heather's Book Nook & Sew Much More,Paisley Threads,Quilt Haven on Main  ,Sweetwater Cotton shoppe,Cabby's Corner Quilt & Fabric,Quilter's Dream,Quilting by the Hearth,River City Quilts,Sewing Seeds Quilt Company,Spinning Spools Quilt Shop,Sue's Quilt Shop,The Thimble Box,Crafty Corner Quilt & Sewing Shoppe,Michele's Quilting & Sewing Center,Old Alley Quilt Shop,Prairie Quilting,Stitchin' It Up Quilt Shop,Bluffview Quilt Shop,Calico Hutch,The Humble Heart,Pine Needles Quilt & Sew,Rather Bee Quilting,What's Brewing Quilt Shop
Affinity for Quilts,0.0,1188.9,1928.2,2224.2,2556.6,1130.4,7313.1,6170.1,5428.5,2949.2,5054.1,2638.8,16866.3,9720.1,10716.3,13287.8,8395.5,18919.5,22114.2,21490.5,17009.3,20143.4,9800.8,14224.4,11683.3,10990.2,12388.8,9540.4,7278.7,11314.2,8315.8,6407.7,7308.4,7979.8,5279.3,4429.1,7674.7,9006.7,9007.5,4577.2,8983.8,14376.5,10113.9,12061.8,12176.4,12516.5,9261.5,7698.5,8979.7,6501.2,5880.1,7148.0
Country Loft Quilt & Design,1243.9,0.0,1989.0,2913.3,3245.7,1473.7,6769.5,6235.7,5494.1,3010.0,4188.3,2704.4,16000.5,8854.3,9850.5,12422.0,7529.7,18980.3,22175.0,21556.1,17070.1,19277.6,9861.6,14285.2,11744.1,11051.0,12454.4,9606.0,7706.4,11853.4,8381.4,6752.9,7374.0,8519.0,5968.4,5118.2,8319.0,9651.0,9546.7,5266.3,9523.0,15020.8,10803.0,12750.9,12820.7,13055.7,9961.4,8387.6,9668.8,7190.3,6580.0,7847.9
Millie P's Quilt Shop,1997.9,2056.9,0.0,3052.1,3528.8,1362.5,5614.3,4924.4,4157.7,1250.4,5922.1,1121.1,17734.3,10588.1,11584.3,14155.8,9263.5,17220.7,20415.4,20244.8,15310.5,21011.4,8102.0,12525.6,9984.5,9291.4,11143.1,8294.7,6450.9,10700.3,7070.1,5623.0,6062.7,7365.9,5118.0,4491.2,7141.6,8473.6,8393.6,4415.9,8369.9,13843.4,10578.2,11793.3,11643.3,11902.6,10244.5,8276.1,9557.3,7473.4,6863.1,8131.0
Quilt Cove,2282.0,2950.1,3078.1,0.0,898.0,1902.8,8261.9,6698.1,6088.1,3898.0,6815.3,3298.4,18627.5,11481.3,12477.5,15049.0,10156.7,19606.7,22801.4,22150.1,17696.5,21904.6,10488.0,14911.6,12370.5,11677.4,13048.4,10200.0,6731.0,9953.5,8975.4,5311.4,7968.0,6619.1,3337.5,2487.3,5747.0,7079.0,7216.5,2635.4,7192.8,12448.8,8172.1,10120.0,10248.7,10725.5,8733.0,5756.7,7037.9,5638.8,5351.6,6619.5
Quilter's Haven,2657.0,3325.1,3509.0,892.1,0.0,2313.0,8893.9,7353.9,6743.9,4530.0,7190.3,3954.2,19002.5,11856.3,12852.5,15424.0,10531.7,20262.5,23457.2,22805.9,18352.3,22279.6,11143.8,15567.4,13026.3,12333.2,13704.2,10855.8,7386.8,10609.3,9631.2,5967.2,8623.8,7222.5,3697.0,2846.8,6121.0,7453.0,7590.5,2994.9,7566.8,12822.8,8531.6,10479.5,10622.7,11099.5,7930.7,6116.2,7397.4,4836.5,4549.3,5817.2
Twin Cities Quilting,1150.7,1477.6,1363.4,1816.4,2313.7,0.0,6748.3,5591.5,4849.9,2384.4,5342.8,2060.2,17155.0,10008.8,11005.0,13576.5,8684.2,18354.7,21549.4,20911.9,16444.5,20432.1,9236.0,13659.6,11118.5,10425.4,11810.2,8961.8,6354.9,10616.7,7737.2,5485.9,6729.8,7282.3,4871.5,4021.3,7061.2,8393.2,8310.0,4169.4,8286.3,13763.0,9706.1,11654.0,11562.9,11819.0,9216.7,7290.7,8571.9,6445.6,5835.3,7103.2
Country Caboose Quilts,7386.8,7199.2,5588.8,8327.1,8917.7,6751.4,0.0,6503.2,5148.8,4664.0,4199.8,5183.9,15437.8,8291.6,7675.5,11859.3,6967.0,13475.8,17087.5,19448.2,11565.6,16867.7,4213.2,8780.7,7691.9,5546.5,12588.4,9841.3,8656.3,12851.6,8614.2,8879.2,7606.8,11548.2,10331.7,9704.9,12355.3,12714.6,12575.9,9629.6,12552.2,19057.1,15791.9,17007.0,16857.0,15646.8,15633.4,13403.7,14684.9,12862.3,12252.0,13519.9
Gone to Pieces Quilt Shop,6225.6,6320.3,4893.4,6755.3,7408.0,5548.5,6535.2,0.0,1468.1,4329.4,8205.6,4050.5,20017.8,12871.6,13553.1,16439.3,11547.0,14986.7,18181.4,17584.9,13076.5,21536.8,5868.0,10291.6,7750.5,7057.4,8483.2,5634.8,2153.1,7512.4,3581.6,2376.0,2529.1,5045.0,8134.3,8125.1,8216.4,6211.4,6072.7,7486.4,6049.0,12730.1,11019.5,10680.0,10530.0,9581.7,14415.3,11831.9,10821.5,11644.2,11033.9,12301.8
Gruber's Quilt Shop,5525.1,5619.8,4134.7,6190.0,6842.7,4848.0,5226.3,1494.9,0.0,3431.2,6896.7,3350.0,18708.9,11562.7,12244.2,15130.4,10238.1,13606.3,16801.0,16699.1,11696.1,20156.4,4487.6,8911.2,6370.1,5677.0,7597.4,4749.0,3648.0,7793.6,3556.2,3870.9,2548.8,6539.9,8194.6,7567.8,9711.3,7706.3,7567.6,7492.5,7543.9,14225.0,12514.4,12174.9,12024.9,10588.8,13714.8,11266.6,12316.4,10943.7,10333.4,11601.3
The Noble Quilter,3008.6,3067.6,1210.6,3948.9,4539.5,2373.2,4662.2,4277.8,3389.9,0.0,6382.9,805.7,18195.1,11048.9,11730.4,14616.6,9724.3,16452.9,19647.6,19598.2,14542.7,20624.0,7334.2,11757.8,9216.7,8523.6,10496.5,7648.1,5964.1,10660.9,6423.5,6102.8,5416.1,7984.5,5953.5,5326.7,7977.1,9150.9,9012.2,5251.4,8988.5,14678.9,11413.7,12628.8,12478.8,12521.2,11255.2,9025.5,10306.7,8484.1,7873.8,9141.7
Quarry Quilts & Yarns,5107.0,4210.4,5852.1,6776.4,7108.8,5336.8,4208.5,8175.2,6820.8,6386.6,0.0,6567.5,11890.1,4743.9,5740.1,8311.6,3419.3,15999.1,20352.2,22712.9,14830.3,15167.2,7707.7,12275.2,11186.4,9041.0,14361.7,11513.3,10328.3,14523.6,10286.2,10551.2,9278.8,12382.1,9831.5,8981.3,12182.1,13514.1,13409.8,9129.4,13386.1,18883.9,14666.1,16614.0,16683.8,16918.8,13824.5,12250.7,13531.9,11053.4,10443.1,11711.0
Quilted Treasures,2697.2,2791.9,1100.0,3362.1,4014.8,2020.1,5196.4,3990.7,3249.1,832.5,6657.1,0.0,18469.3,11323.1,12264.6,14890.8,9998.5,16767.7,19962.4,19311.1,14857.5,21158.2,7649.0,12072.6,9531.5,8838.4,10209.4,7361.0,5481.0,10373.8,6136.4,5516.0,5129.0,7397.7,5366.7,4739.9,7390.3,8564.1,8425.4,4664.6,8401.7,14092.1,10826.9,12042.0,11892.0,11934.4,10886.9,8438.7,9719.9,8115.8,7505.5,8773.4
47 Degrees North Quilt Shop,16912.5,16015.9,17657.6,18581.9,18914.3,17142.3,15429.9,19980.7,18626.3,18192.1,11911.6,18373.0,0.0,7174.1,11153.2,3578.4,9286.4,21164.9,25625.0,27985.7,20103.1,17965.4,16365.7,19443.0,19844.4,17699.0,24740.9,23318.8,22133.8,26329.1,22091.7,22356.7,21084.3,24187.6,21637.0,20786.8,23987.6,25319.6,25215.3,20934.9,25191.6,30689.4,26471.6,28419.5,28489.3,28724.3,25300.5,24056.2,25337.4,22858.9,22248.6,23029.5
Hannah Johnson Fabrics,9764.9,8868.3,10510.0,11434.3,11766.7,9994.7,8282.3,12833.1,11478.7,11044.5,4764.0,11225.4,7174.5,0.0,4046.8,3596.0,2138.8,14634.1,18987.2,21347.9,13465.3,12897.2,9218.1,12336.6,12696.8,10551.4,17593.3,16171.2,14986.2,19181.5,14944.1,15209.1,13936.7,17040.0,14489.4,13639.2,16840.0,18172.0,18067.7,13787.3,18044.0,23541.8,19324.0,21271.9,21341.7,21576.7,18152.9,16908.6,18189.8,15711.3,15101.0,15881.9
Hingeley Road Quilt Shop,10731.7,9835.1,11476.8,12401.1,12733.5,10961.5,7680.1,13530.9,12176.5,11742.3,5730.8,12192.2,11018.6,3952.2,0.0,7440.1,2349.3,10587.3,14940.4,17301.1,9418.5,12756.1,7953.6,8289.8,11432.3,9286.9,16328.8,15022.1,15684.0,19879.3,15641.9,15906.9,14634.5,18006.8,15456.2,14606.0,17806.8,19138.8,19034.5,14754.1,19010.8,24508.6,20290.8,22238.7,22308.5,22543.5,19449.2,17875.4,19156.6,16678.1,16067.8,17335.7
Quilt Corner,13334.1,12437.5,14079.2,15003.5,15335.9,13563.9,11851.5,16402.3,15047.9,14613.7,8333.2,14794.6,3578.5,3595.7,7574.8,0.0,5708.0,18039.6,22392.7,24753.4,16870.8,15522.9,12787.3,15864.6,16266.0,14120.6,21162.5,19740.4,18555.4,22750.7,18513.3,18778.3,17505.9,20609.2,18058.6,17208.4,20409.2,21741.2,21636.9,17356.5,21613.2,27111.0,22893.2,24841.1,24910.9,25145.9,21722.1,20477.8,21759.0,19280.5,18670.2,19451.1
Quilted Dog Quilt Shop,8462.9,7566.3,9208.0,10132.3,10464.7,8692.7,6980.3,11531.1,10176.7,9742.5,3462.0,9923.4,9421.4,2275.2,2320.8,5842.9,0.0,12908.1,17261.2,19621.9,11739.3,11747.9,7916.1,10610.6,11394.8,9249.4,16291.3,14869.2,13684.2,17879.5,13642.1,13907.1,12634.7,15738.0,13187.4,12337.2,15538.0,16870.0,16765.7,12485.3,16742.0,22239.8,18022.0,19969.9,20039.7,20274.7,17180.4,15606.6,16887.8,14409.3,13799.0,15066.9
Anderson Fabrics Quilt Shop,18946.7,19005.7,17148.7,19637.4,20290.1,18295.4,13498.3,14981.9,13562.0,16445.2,15987.5,16797.4,21169.4,14539.0,10586.8,18018.0,12936.1,0.0,7314.6,9675.3,2119.2,6591.0,9418.6,4766.7,9512.2,7982.6,13751.1,14475.8,17135.0,21326.0,17088.6,17357.9,16081.2,20026.9,21642.0,21015.2,23198.3,21193.3,21054.6,20939.9,21030.9,27712.0,26001.4,25661.9,25511.9,24121.2,27162.2,24714.0,25803.4,24391.1,23780.8,25048.7
Oklee Quilting Supply,22143.3,22202.3,20345.3,22834.0,23486.7,21492.0,17092.3,18178.5,16758.6,19641.8,20336.1,19994.0,25616.3,18887.6,14935.4,22366.6,17284.7,7317.0,0.0,5701.6,5778.0,13867.1,13012.6,8360.7,10472.8,11576.6,11174.4,14418.7,20331.6,21741.3,18513.6,20554.5,18636.4,23223.5,24838.6,24211.8,26394.9,24389.9,24251.2,24136.5,24227.5,27464.3,29198.0,28858.5,26949.7,25170.5,30358.8,27910.6,29000.0,27587.7,26977.4,28245.3
"Quilter's Jem, LLC",21535.3,21630.0,20203.1,22200.2,22852.9,20858.2,19419.0,17578.0,16770.8,19639.1,22662.8,19360.2,27943.0,21214.3,17262.1,24693.3,19611.4,9643.7,5701.8,0.0,8104.7,16193.8,15339.3,10687.4,12281.3,13903.3,9361.9,12734.4,19374.0,19928.8,16882.5,19954.0,16952.5,22623.0,24204.8,23578.0,25794.4,23789.4,23650.7,23502.7,23627.0,22663.2,27683.0,25458.2,24789.0,22002.6,29725.0,27276.8,28399.5,26953.9,26343.6,27611.5
Sadie Rae's Quilt Shop,17009.1,17068.1,15211.1,17699.8,18352.5,16357.8,11560.7,13044.3,11624.4,14507.6,14804.5,14859.8,20084.7,13356.0,9403.8,16835.0,11753.1,2111.9,5786.4,8147.1,0.0,8662.0,7481.0,2829.1,7583.5,6045.0,11822.4,12547.1,15197.4,19388.4,15151.0,15420.3,14143.6,18089.3,19704.4,19077.6,21260.7,19255.7,19117.0,19002.3,19093.3,25774.4,24063.8,23724.3,23574.3,22183.6,25224.6,22776.4,23865.8,22453.5,21843.2,23111.1
Up North Quilt Shop,20174.2,19277.6,20919.3,21843.6,22176.0,20404.0,16873.7,21535.6,20115.7,20631.1,15173.3,21151.0,17973.6,12806.0,12752.6,15522.5,11791.8,6598.1,13868.3,16229.0,8672.9,0.0,15972.3,11320.4,16065.9,14536.3,20304.8,21029.5,23688.7,27879.7,23642.3,23911.6,22634.9,26580.6,24898.7,24048.5,27249.3,27747.0,27608.3,24196.6,27584.6,33951.1,29733.3,31681.2,31751.0,30674.9,28891.7,27317.9,28599.1,26120.6,25510.3,26778.2
Colorz Quilt Shop,9817.6,9876.6,8019.6,10508.3,11161.0,9166.3,4217.5,5852.8,4432.9,7316.1,7705.8,7668.3,16363.2,9217.0,7955.5,12784.7,7892.4,9390.0,13001.7,15362.4,7479.8,15940.1,0.0,4694.9,3606.1,1460.7,8502.6,7195.9,8005.9,12196.9,7959.5,8228.8,6952.1,10897.8,12512.9,11886.1,14069.2,12064.2,11925.5,11810.8,11901.8,18582.9,16872.3,16532.8,16382.8,14992.1,18033.1,15584.9,16674.3,15262.0,14651.7,15919.6
Front Porch Quilt Shop,14244.5,14303.5,12446.5,14935.2,15587.9,13593.2,8796.1,10279.7,8859.8,11743.0,12284.4,12095.2,19310.8,12244.4,8292.2,15732.3,10641.5,4766.1,8377.8,10738.5,2855.9,11316.2,4716.4,0.0,5694.2,3280.4,10085.9,10657.8,12432.8,16623.8,12386.4,12655.7,11379.0,15324.7,16939.8,16313.0,18496.1,16491.1,16352.4,16237.7,16328.7,23009.8,21299.2,20959.7,20809.7,19419.0,22460.0,20011.8,21101.2,19688.9,19078.6,20346.5
Hometown Crafts & Fabrics,11698.0,11757.0,9900.0,12388.7,13041.4,11046.7,7691.8,7733.2,6313.3,9196.5,11180.1,9548.7,19837.5,12691.3,11429.8,16259.0,11366.7,9511.3,10464.9,12290.0,7596.0,16061.4,3612.1,5691.5,0.0,4806.8,5277.2,4963.6,9886.3,11902.5,8040.8,10109.2,8163.6,12778.2,14393.3,13766.5,15949.6,13944.6,13805.9,13691.2,13782.2,18677.0,18752.7,18413.2,16476.9,14697.7,19913.5,17465.3,18554.7,17142.4,16532.1,17800.0
Mother Originals Quilt Shop,11009.3,11068.3,9211.3,11700.0,12352.7,10358.0,5560.9,7044.5,5624.6,8507.8,9049.2,8860.0,17706.6,10560.4,9298.9,14128.1,9235.8,8006.7,11618.4,13979.1,6096.5,14556.8,1481.2,3311.6,4803.4,0.0,9699.9,8387.6,9197.6,13388.6,9151.2,9420.5,8143.8,12089.5,13704.6,13077.8,15260.9,13255.9,13117.2,13002.5,13093.5,19774.6,18064.0,17724.5,17574.5,16183.8,19224.8,16776.6,17866.0,16453.7,15843.4,17111.3
Quilter's Cottage,12423.7,12518.4,11091.5,13088.6,13741.3,11746.6,12579.5,8466.4,7659.2,10527.5,14424.5,10248.6,24725.2,17579.0,16317.5,21146.7,16254.4,13768.2,11196.0,9364.6,11852.9,20318.3,8499.8,10100.9,5276.0,9694.5,0.0,3622.8,10262.4,10817.2,7770.9,10842.4,7840.9,13511.4,15093.2,14466.4,16682.8,14677.8,14539.1,14391.1,14515.4,17998.6,19485.9,18693.3,16207.0,14427.8,20613.4,18165.2,19287.9,17842.3,17232.0,18499.9
Dawn's Quilt Shop,9577.8,9672.5,8245.6,10242.7,10895.4,8900.7,9908.2,5620.5,4813.3,7681.6,11578.6,7402.7,23390.8,16244.6,15029.4,19812.3,14920.0,14481.4,14416.2,12709.5,12566.1,21031.5,7211.7,10661.6,4970.1,8401.1,3607.8,0.0,7416.5,8786.7,4925.0,7996.5,4995.0,10665.5,12247.3,11620.5,13836.9,11831.9,11693.2,11545.2,11669.5,15561.2,16640.0,15847.4,13361.1,11581.9,17767.5,15319.3,16442.0,14996.4,14386.1,15654.0
DeAnn's Country Village Shoppe,7261.4,7636.1,6419.7,6773.9,7426.6,6365.5,8688.3,2153.1,3621.2,5990.4,10358.7,5480.1,22170.9,15024.7,15706.2,18592.4,13700.1,17139.8,20334.5,19363.4,15229.6,23689.9,8021.1,12444.7,9903.6,9210.5,10261.7,7413.3,0.0,5509.6,3015.6,1776.6,2584.1,4413.5,7534.9,7859.8,7584.9,5579.9,5441.2,6887.0,5417.5,12098.6,10388.0,10048.5,9898.5,8152.7,14757.5,11850.5,10190.0,11823.0,11376.1,12644.0
Heather's Book Nook & Sew Much More,11278.4,11794.8,10653.7,9935.5,10580.9,10593.8,12885.6,7499.5,7821.6,10647.2,14556.0,10368.3,26368.2,19222.0,19903.5,22789.7,17897.4,21340.2,21743.2,19911.8,19430.0,27890.3,12221.5,16645.1,11900.2,13410.9,10810.1,8775.8,5490.8,0.0,4379.5,5500.0,5426.9,5713.4,10251.1,10576.0,9390.8,7225.6,7089.1,9603.2,7058.9,7528.6,12069.4,10356.2,7885.3,5471.0,18056.9,14137.7,11997.7,14991.3,14675.5,15943.4
Paisley Threads,8316.4,8411.1,6984.2,8981.3,9634.0,7639.3,8658.6,3540.1,3594.6,6420.2,10329.0,6141.3,22141.2,14995.0,15676.5,18562.7,13670.4,17113.2,18507.1,16867.9,15203.0,23663.3,7994.5,12418.1,8042.2,9183.9,7766.2,4917.8,3013.6,4380.4,0.0,4790.2,1199.9,6379.3,10548.5,10359.1,10056.7,7891.5,7755.0,9900.6,7724.8,11154.9,12735.3,11441.1,8954.8,7175.6,16506.1,14057.9,12663.6,13735.0,13124.7,14392.6
Quilt Haven on Main  ,6336.2,6710.9,5585.5,5335.1,5987.8,5484.6,8894.0,2358.8,3826.9,6105.6,10564.4,5506.0,22376.6,15230.4,15911.9,18798.1,13905.8,17345.5,20540.2,19943.7,15435.3,23895.6,8226.8,12650.4,10109.3,9416.2,10842.0,7993.6,1772.5,5507.3,4788.1,0.0,4356.6,2702.7,5792.0,6116.9,5874.1,3869.1,3730.4,5144.1,3706.7,10387.8,8677.2,8337.7,8187.7,7239.4,13456.5,10411.7,8479.2,10390.9,10075.1,11343.0
Sweetwater Cotton shoppe,7307.9,7402.6,5975.7,7972.8,8625.5,6630.8,7650.1,2527.0,2586.1,5411.7,9320.5,5132.8,21132.7,13986.5,14668.0,17554.2,12661.9,16104.7,18618.7,16936.3,14194.5,22654.8,6986.0,11409.6,8153.8,8175.4,7834.6,4986.2,2588.3,5457.1,1219.7,4364.9,0.0,7001.8,9977.4,9350.6,10173.2,8168.2,8029.5,9275.3,8005.8,12231.6,12976.3,12517.8,10031.5,8252.3,15497.6,13049.4,12778.3,12726.5,12116.2,13384.1
Cabby's Corner Quilt & Fabric,7946.7,8463.1,7322.0,6603.8,7239.4,7262.1,11586.6,5051.4,6519.5,7997.1,12328.3,7397.5,24140.5,16994.3,17990.5,20562.0,15669.7,20038.1,23232.8,22636.3,18127.9,26588.2,10919.4,15343.0,12801.9,12108.8,13534.6,10686.2,4430.0,5721.4,6366.4,2692.6,7014.1,0.0,5476.6,6053.1,4505.6,2507.9,2369.2,4898.6,2345.5,8675.3,7316.0,6976.5,6475.2,4688.7,13659.3,9250.7,7110.7,10057.4,11343.8,12611.7
Quilter's Dream,5304.0,5972.1,5048.3,3366.8,3689.0,4924.8,10276.4,8165.4,8102.6,5912.5,9837.3,5312.9,21649.5,14503.3,15499.5,18071.0,13178.7,21621.2,24815.9,24164.6,19711.0,24926.6,12502.5,16926.1,14385.0,13691.9,15062.9,12214.5,7572.9,10286.7,10588.5,5834.1,9982.5,5482.4,0.0,1313.5,3467.7,4874.7,5024.5,754.0,5016.1,10244.5,6842.8,8194.4,8044.4,8548.8,9883.7,5391.3,4860.6,6281.8,7396.3,8664.2
Quilting by the Hearth,4445.1,5113.2,4367.5,2507.9,2830.1,4065.9,9595.6,8034.7,7421.8,5231.7,8978.4,4632.1,20790.6,13644.4,14640.6,17212.1,12319.8,20940.4,24135.1,23483.8,19030.2,24067.7,11821.7,16245.3,13704.2,13011.1,14382.1,11533.7,7902.5,10616.3,10309.1,6163.7,9301.7,6050.7,1321.3,0.0,4706.2,6113.2,6263.0,1149.1,6254.6,11483.0,7253.5,9201.4,9282.9,9787.3,9330.5,4838.1,6099.1,5728.6,6156.9,7424.8
River City Quilts,7588.1,8141.6,6996.9,5743.6,6086.1,6937.0,12225.0,8191.4,9659.5,7861.1,12006.8,7261.5,23819.0,16672.8,17669.0,20240.5,15348.2,23178.1,26372.8,25776.3,21267.9,27096.1,14059.4,18483.0,15941.9,15248.8,16674.6,13826.2,7573.0,9512.0,10157.0,5835.6,10157.1,4486.4,3464.7,4695.4,0.0,2362.6,2512.4,3836.0,2508.2,6911.4,3646.2,4861.3,4711.3,6236.8,9570.1,5114.3,2974.3,5968.2,8769.8,9264.3
Sewing Seeds Quilt Company,8957.6,9511.1,8366.4,7113.1,7455.6,8306.5,12738.2,6203.0,7671.1,9148.7,13376.3,8549.1,25188.5,18042.3,19038.5,21610.0,16717.7,21189.7,24384.4,23787.9,19279.5,27739.8,12071.0,16494.6,13953.5,13260.4,14686.2,11837.8,5581.6,7223.6,7868.6,3844.2,8165.7,2502.6,4878.7,6109.4,2367.7,0.0,206.8,5205.5,202.6,6655.8,4945.2,4605.7,4455.7,3931.2,11927.2,7114.6,4974.6,8325.3,11126.9,11621.4
Spinning Spools Quilt Shop,8979.9,9496.3,8355.2,7264.2,7606.7,8295.3,12619.8,6084.6,7552.7,9030.3,13361.5,8430.7,25173.7,18027.5,19023.7,21595.2,16702.9,21071.3,24266.0,23669.5,19161.1,27621.4,11952.6,16376.2,13835.1,13142.0,14567.8,11719.4,5463.2,7093.3,7738.3,3725.8,8047.3,2384.2,5029.8,6260.5,2518.8,197.7,0.0,5356.6,72.3,6806.9,5096.3,4756.8,4606.8,3800.9,12078.3,7265.7,5125.7,8476.4,11278.0,11772.5
Sue's Quilt Shop,4606.8,5274.9,4351.1,2669.6,2991.8,4227.6,9579.2,7514.3,7405.4,5215.3,9140.1,4615.7,20952.3,13806.1,14802.3,17373.8,12481.5,20924.0,24118.7,23467.4,19013.8,24229.4,11805.3,16228.9,13687.8,12994.7,14365.7,11517.3,6921.8,9635.6,9937.4,5183.0,9285.3,4901.6,755.8,1154.5,3878.8,5210.8,5348.3,0.0,5324.6,10580.6,7315.4,8530.5,8380.5,8857.3,10080.5,5918.8,5533.6,6809.3,6699.1,7967.0
The Thimble Box,8937.1,9453.5,8312.4,7228.2,7570.7,8252.5,12577.0,6041.8,7509.9,8987.5,13318.7,8387.9,25130.9,17984.7,18980.9,21552.4,16660.1,21028.5,24223.2,23626.7,19118.3,27578.6,11909.8,16333.4,13792.3,13099.2,14525.0,11676.6,5420.4,7074.6,7719.6,3683.0,8004.5,2341.4,5006.5,6237.2,2543.1,222.0,30.2,5320.6,0.0,6831.2,5120.6,4781.1,4631.1,3782.2,12102.6,7290.0,5150.0,8500.7,11302.3,11796.8
Crafty Corner Quilt & Sewing Shoppe,14299.3,14852.8,13708.1,12454.8,12797.3,13648.2,18936.2,12745.3,14213.4,14572.3,18718.0,13972.7,30530.2,23384.0,24380.2,26951.7,22059.4,27732.0,27442.2,22668.7,25821.8,33807.3,18613.3,23036.9,18633.9,19802.7,17982.9,15509.5,12102.5,7525.8,11113.2,10386.5,12160.6,8649.8,10220.4,11451.1,6883.6,6696.0,6845.8,10547.2,6841.6,0.0,5189.3,2964.5,2228.1,5089.6,14419.3,7933.0,6707.2,11649.6,14638.6,14728.8
Michele's Quilting & Sewing Center,10176.6,10844.7,10464.4,8239.4,8561.6,9797.4,15692.5,11032.4,12500.5,11328.6,14709.9,10729.0,26522.1,19375.9,20372.1,22943.6,18051.3,26019.1,29213.8,27680.0,24108.9,29799.2,16900.4,21324.0,18782.9,18089.8,19515.6,16667.2,10411.0,12149.7,12794.7,8673.6,12995.1,7332.0,6828.1,7322.0,3639.9,4983.1,5132.9,7303.5,5128.7,5244.4,0.0,2484.7,4966.9,7828.4,9733.3,3247.0,2021.2,6963.6,9952.6,10042.8
Old Alley Quilt Shop,12123.3,12791.4,11669.3,10186.1,10508.3,11609.4,16897.4,10706.5,12174.6,12533.5,16656.6,11933.9,28468.8,21322.6,22318.8,24890.3,19998.0,25693.2,28887.9,25458.3,23783.0,31745.9,16574.5,20998.1,18457.0,17763.9,18675.3,15826.9,10085.1,10350.2,11430.6,8347.7,12478.0,7006.1,8181.6,9268.7,4844.8,4657.2,4807.0,8508.4,4802.8,3022.7,2450.0,0.0,2745.2,5606.7,11680.0,5193.7,3967.9,8910.3,11899.3,11989.5
Prairie Quilting,12118.2,12671.7,11527.0,10273.7,10616.2,11467.1,16755.1,10564.2,12032.3,12391.2,16536.9,11791.6,28349.1,21202.9,22199.1,24770.6,19878.3,25550.9,26917.7,24761.4,23640.7,31626.2,16432.2,20855.8,16452.8,17621.6,16176.8,13328.4,9921.4,7892.1,8932.1,8205.4,9979.5,6468.7,8039.3,9270.0,4702.5,4514.9,4664.7,8366.1,4660.5,2247.2,4975.7,2750.9,0.0,2908.5,14205.7,7719.4,6493.6,10660.1,13461.7,13956.2
Stitchin' It Up Quilt Shop,12487.8,13004.2,11863.1,10778.9,11121.4,11803.2,15660.7,9592.5,10596.7,12538.2,16869.4,11938.6,28681.6,21535.4,22531.6,25103.1,20210.8,24115.3,25140.2,21988.4,22205.1,30665.4,14996.6,19420.2,14675.3,16186.0,14399.3,11550.9,8143.9,5454.7,7154.6,7233.7,8202.0,4683.9,8557.2,9787.9,6247.6,3926.5,3790.0,8871.3,3759.8,5103.7,7832.2,5607.4,2903.6,0.0,15807.1,10575.9,8854.5,12205.2,15006.8,15501.3
Bluffview Quilt Shop,9245.2,9943.6,10321.2,8733.5,7943.9,9235.9,15706.1,14509.3,13767.7,11342.2,13808.8,10978.0,24526.0,17379.8,19471.0,20947.5,17150.2,27286.3,30481.0,29829.7,25376.1,28898.1,18167.6,22591.2,20050.1,19357.0,20728.0,17879.6,14781.6,18143.8,16655.0,13501.7,15647.6,13658.1,9894.7,9351.7,9594.1,11942.7,12092.5,10112.1,12088.3,14370.6,9663.0,11610.9,14093.1,15816.9,0.0,6723.2,8560.1,3798.3,3382.1,2306.0
Calico Hutch,7663.0,8331.1,8168.1,5725.8,6048.0,7283.8,13351.9,11788.1,11178.1,8988.0,12196.3,8388.4,24008.5,16862.3,17858.5,20430.0,15537.7,24696.7,27891.4,27240.1,22786.5,27285.6,15578.0,20001.6,17460.5,16767.4,18138.4,15290.0,11821.0,14189.6,14065.4,10401.4,13058.0,9177.5,5345.7,4808.4,5067.5,7040.2,7190.0,5878.5,7185.8,7921.5,3213.9,5161.8,7644.0,10505.5,6723.7,0.0,2111.0,3954.0,6943.0,7033.2
The Humble Heart,9011.7,9679.8,9516.8,7074.5,7396.7,8632.5,14700.6,10828.4,12296.5,10336.7,13545.0,9737.1,25357.2,18211.0,19207.2,21778.7,16886.4,25815.1,29009.8,28413.3,23904.9,28634.3,16696.4,21120.0,18578.9,17885.8,19311.6,16463.2,10210.0,12123.1,12768.1,8472.6,12794.1,7123.4,4859.4,6090.1,3001.0,4973.7,5123.5,5530.6,5119.3,6740.7,2033.1,3981.0,6463.2,8847.9,8670.0,2183.7,0.0,5900.3,8889.3,8979.5
Pine Needles Quilt & Sew,6591.5,7259.6,7637.2,5645.5,4855.9,6551.9,13022.1,11789.9,11083.7,8658.2,11124.8,8294.0,22937.0,15790.8,16787.0,19358.5,14466.2,24602.3,27797.0,27145.7,22692.1,26214.1,15483.6,19907.2,17366.1,16673.0,18044.0,15195.6,11833.9,15056.9,13971.0,10414.8,12963.6,10085.6,6322.2,5784.9,6021.6,8370.2,8520.0,6855.0,8515.8,11539.8,6832.2,8780.1,10718.9,12244.4,3792.0,3892.4,5729.3,0.0,3262.9,3757.4
Rather Bee Quilting,5863.1,6561.5,6939.1,5351.4,4561.8,5853.8,12324.0,11127.2,10385.6,7960.1,10426.7,7595.9,22238.9,15092.7,16088.9,18660.4,13768.1,23904.2,27098.9,26447.6,21994.0,25516.0,14785.5,19209.1,16668.0,15974.9,17345.9,14497.5,11399.5,14761.7,13272.9,10119.6,12265.5,11373.3,7414.3,6167.4,8741.4,11090.0,11239.8,6730.0,11235.6,14604.4,9896.8,11844.7,13438.7,14964.2,3381.4,6957.0,8793.9,3263.8,0.0,1267.9
What's Brewing Quilt Shop,7126.0,7824.4,8202.0,6614.3,5824.7,7116.7,13586.9,12390.1,11648.5,9223.0,11689.6,8858.8,23039.4,15893.2,17351.8,19460.9,15031.0,25167.1,28361.8,27710.5,23256.9,26778.9,16048.4,20472.0,17930.9,17237.8,18608.8,15760.4,12662.4,16024.6,14535.8,11382.5,13528.4,12636.2,8677.2,7430.3,9261.8,11610.4,11760.2,7992.9,11756.0,14765.3,10057.7,12005.6,13959.1,15484.6,2336.5,7117.9,8954.8,3784.2,1262.9,0.0
